--
-- PostgreSQL database dump
--

-- Dumped from database version 16.0
-- Dumped by pg_dump version 16.0

-- Started on 2023-12-22 17:42:30

SET statement_timeout = 0;
SET lock_timeout = 0;
SET idle_in_transaction_session_timeout = 0;
SET client_encoding = 'UTF8';
SET standard_conforming_strings = on;
SELECT pg_catalog.set_config('search_path', '', false);
SET check_function_bodies = false;
SET xmloption = content;
SET client_min_messages = warning;
SET row_security = off;

--
-- TOC entry 4 (class 2615 OID 2200)
-- Name: public; Type: SCHEMA; Schema: -; Owner: pg_database_owner
--

CREATE SCHEMA public;


ALTER SCHEMA public OWNER TO pg_database_owner;

--
-- TOC entry 5000 (class 0 OID 0)
-- Dependencies: 4
-- Name: SCHEMA public; Type: COMMENT; Schema: -; Owner: pg_database_owner
--

COMMENT ON SCHEMA public IS 'standard public schema';


SET default_tablespace = '';

SET default_table_access_method = heap;

--
-- TOC entry 225 (class 1259 OID 34419)
-- Name: RoleClaims; Type: TABLE; Schema: public; Owner: postgres
--

CREATE TABLE public."RoleClaims" (
    "Id" integer NOT NULL,
    "RoleId" text NOT NULL,
    "ClaimType" text,
    "ClaimValue" text
);


ALTER TABLE public."RoleClaims" OWNER TO postgres;

--
-- TOC entry 224 (class 1259 OID 34418)
-- Name: RoleClaims_Id_seq; Type: SEQUENCE; Schema: public; Owner: postgres
--

ALTER TABLE public."RoleClaims" ALTER COLUMN "Id" ADD GENERATED BY DEFAULT AS IDENTITY (
    SEQUENCE NAME public."RoleClaims_Id_seq"
    START WITH 1
    INCREMENT BY 1
    NO MINVALUE
    NO MAXVALUE
    CACHE 1
);


--
-- TOC entry 219 (class 1259 OID 34353)
-- Name: Roles; Type: TABLE; Schema: public; Owner: postgres
--

CREATE TABLE public."Roles" (
    "Id" text NOT NULL,
    "Name" character varying(256),
    "NormalizedName" character varying(256),
    "ConcurrencyStamp" text
);


ALTER TABLE public."Roles" OWNER TO postgres;

--
-- TOC entry 227 (class 1259 OID 34432)
-- Name: UserClaims; Type: TABLE; Schema: public; Owner: postgres
--

CREATE TABLE public."UserClaims" (
    "Id" integer NOT NULL,
    "UserId" text NOT NULL,
    "ClaimType" text,
    "ClaimValue" text
);


ALTER TABLE public."UserClaims" OWNER TO postgres;

--
-- TOC entry 226 (class 1259 OID 34431)
-- Name: UserClaims_Id_seq; Type: SEQUENCE; Schema: public; Owner: postgres
--

ALTER TABLE public."UserClaims" ALTER COLUMN "Id" ADD GENERATED BY DEFAULT AS IDENTITY (
    SEQUENCE NAME public."UserClaims_Id_seq"
    START WITH 1
    INCREMENT BY 1
    NO MINVALUE
    NO MAXVALUE
    CACHE 1
);


--
-- TOC entry 228 (class 1259 OID 34444)
-- Name: UserLogins; Type: TABLE; Schema: public; Owner: postgres
--

CREATE TABLE public."UserLogins" (
    "LoginProvider" text NOT NULL,
    "ProviderKey" text NOT NULL,
    "ProviderDisplayName" text,
    "UserId" text NOT NULL
);


ALTER TABLE public."UserLogins" OWNER TO postgres;

--
-- TOC entry 229 (class 1259 OID 34456)
-- Name: UserRoles; Type: TABLE; Schema: public; Owner: postgres
--

CREATE TABLE public."UserRoles" (
    "UserId" text NOT NULL,
    "RoleId" text NOT NULL
);


ALTER TABLE public."UserRoles" OWNER TO postgres;

--
-- TOC entry 230 (class 1259 OID 34473)
-- Name: UserTokens; Type: TABLE; Schema: public; Owner: postgres
--

CREATE TABLE public."UserTokens" (
    "UserId" text NOT NULL,
    "LoginProvider" text NOT NULL,
    "Name" text NOT NULL,
    "Value" text
);


ALTER TABLE public."UserTokens" OWNER TO postgres;

--
-- TOC entry 215 (class 1259 OID 34319)
-- Name: __EFMigrationsHistory; Type: TABLE; Schema: public; Owner: postgres
--

CREATE TABLE public."__EFMigrationsHistory" (
    "MigrationId" character varying(150) NOT NULL,
    "ProductVersion" character varying(32) NOT NULL
);


ALTER TABLE public."__EFMigrationsHistory" OWNER TO postgres;

--
-- TOC entry 216 (class 1259 OID 34324)
-- Name: category; Type: TABLE; Schema: public; Owner: postgres
--

CREATE TABLE public.category (
    id text NOT NULL,
    category_name character varying(255) NOT NULL,
    delete_flag boolean NOT NULL,
    created_date timestamp without time zone NOT NULL,
    created_by character varying(100) DEFAULT NULL::character varying,
    modified_date timestamp without time zone NOT NULL,
    modified_by character varying(100) DEFAULT NULL::character varying
);


ALTER TABLE public.category OWNER TO postgres;

--
-- TOC entry 217 (class 1259 OID 34333)
-- Name: cinema; Type: TABLE; Schema: public; Owner: postgres
--

CREATE TABLE public.cinema (
    id text NOT NULL,
    cinema_name character varying(50) NOT NULL,
    cinema_location character varying(255) NOT NULL,
    delete_flag boolean NOT NULL,
    created_date timestamp without time zone NOT NULL,
    created_by character varying(100) DEFAULT NULL::character varying,
    modified_date timestamp without time zone NOT NULL,
    modified_by character varying(100) DEFAULT NULL::character varying
);


ALTER TABLE public.cinema OWNER TO postgres;

--
-- TOC entry 218 (class 1259 OID 34342)
-- Name: movie; Type: TABLE; Schema: public; Owner: postgres
--

CREATE TABLE public.movie (
    id text NOT NULL,
    movie_name character varying(255) NOT NULL,
    poster text,
    duration integer NOT NULL,
    release_date date NOT NULL,
    director character varying(255) DEFAULT NULL::character varying,
    actor character varying(255) DEFAULT NULL::character varying,
    description text,
    delete_flag boolean NOT NULL,
    created_date timestamp without time zone NOT NULL,
    created_by character varying(100) DEFAULT NULL::character varying,
    modified_date timestamp without time zone NOT NULL,
    modified_by character varying(100) DEFAULT NULL::character varying
);


ALTER TABLE public.movie OWNER TO postgres;

--
-- TOC entry 222 (class 1259 OID 34380)
-- Name: movie_category; Type: TABLE; Schema: public; Owner: postgres
--

CREATE TABLE public.movie_category (
    id text NOT NULL,
    movie_id uuid NOT NULL,
    category_id uuid NOT NULL,
    delete_flag boolean NOT NULL,
    created_date timestamp without time zone NOT NULL,
    created_by character varying(100) DEFAULT NULL::character varying,
    modified_date timestamp without time zone NOT NULL,
    modified_by character varying(100) DEFAULT NULL::character varying
);


ALTER TABLE public.movie_category OWNER TO postgres;

--
-- TOC entry 232 (class 1259 OID 34504)
-- Name: payment; Type: TABLE; Schema: public; Owner: postgres
--

CREATE TABLE public.payment (
    id text NOT NULL,
    reservation_id uuid NOT NULL,
    total_price integer NOT NULL,
    payment_method character varying(255) NOT NULL,
    delete_flag boolean NOT NULL,
    created_date timestamp without time zone NOT NULL,
    created_by character varying(100) DEFAULT NULL::character varying,
    modified_date timestamp without time zone NOT NULL,
    modified_by character varying(100) DEFAULT NULL::character varying
);


ALTER TABLE public.payment OWNER TO postgres;

--
-- TOC entry 231 (class 1259 OID 34485)
-- Name: reservation; Type: TABLE; Schema: public; Owner: postgres
--

CREATE TABLE public.reservation (
    id text NOT NULL,
    showtime_id uuid NOT NULL,
    user_id uuid NOT NULL,
    delete_flag boolean NOT NULL,
    created_date timestamp without time zone NOT NULL,
    created_by character varying(100) DEFAULT NULL::character varying,
    modified_date timestamp without time zone NOT NULL,
    modified_by character varying(100) DEFAULT NULL::character varying
);


ALTER TABLE public.reservation OWNER TO postgres;

--
-- TOC entry 233 (class 1259 OID 34518)
-- Name: reservation_item; Type: TABLE; Schema: public; Owner: postgres
--

CREATE TABLE public.reservation_item (
    id text NOT NULL,
    reservation_id uuid NOT NULL,
    seat_id uuid NOT NULL,
    delete_flag boolean NOT NULL,
    created_date timestamp without time zone NOT NULL,
    created_by character varying(100) DEFAULT NULL::character varying,
    modified_date timestamp without time zone NOT NULL,
    modified_by character varying(100) DEFAULT NULL::character varying
);


ALTER TABLE public.reservation_item OWNER TO postgres;

--
-- TOC entry 220 (class 1259 OID 34360)
-- Name: seat; Type: TABLE; Schema: public; Owner: postgres
--

CREATE TABLE public.seat (
    id text NOT NULL,
    row_num character varying(1) NOT NULL,
    seat_num integer NOT NULL,
    delete_flag boolean NOT NULL,
    created_date timestamp without time zone NOT NULL,
    created_by character varying(100) DEFAULT NULL::character varying,
    modified_date timestamp without time zone NOT NULL,
    modified_by character varying(100) DEFAULT NULL::character varying
);


ALTER TABLE public.seat OWNER TO postgres;

--
-- TOC entry 223 (class 1259 OID 34399)
-- Name: showtime; Type: TABLE; Schema: public; Owner: postgres
--

CREATE TABLE public.showtime (
    id text NOT NULL,
    movie_id uuid NOT NULL,
    cinema_id uuid NOT NULL,
    start_time timestamp without time zone NOT NULL,
    ticket_price integer NOT NULL,
    delete_flag boolean NOT NULL,
    created_date timestamp without time zone NOT NULL,
    created_by character varying(100) DEFAULT NULL::character varying,
    modified_date timestamp without time zone NOT NULL,
    modified_by character varying(100) DEFAULT NULL::character varying
);


ALTER TABLE public.showtime OWNER TO postgres;

--
-- TOC entry 221 (class 1259 OID 34369)
-- Name: user; Type: TABLE; Schema: public; Owner: postgres
--

CREATE TABLE public."user" (
    id text NOT NULL,
    fullname character varying(100) NOT NULL,
    password character varying(25) NOT NULL,
    role character varying(25) NOT NULL,
    avatar text,
    delete_flag boolean NOT NULL,
    created_date timestamp without time zone DEFAULT now() NOT NULL,
    created_by character varying(100) DEFAULT NULL::character varying,
    modified_date timestamp without time zone DEFAULT now() NOT NULL,
    modified_by character varying(100) DEFAULT NULL::character varying,
    "UserName" character varying(256),
    "NormalizedUserName" character varying(256),
    email character varying(100),
    "NormalizedEmail" character varying(256),
    "EmailConfirmed" boolean NOT NULL,
    "PasswordHash" text,
    "SecurityStamp" text,
    "ConcurrencyStamp" text,
    "PhoneNumber" text,
    "PhoneNumberConfirmed" boolean NOT NULL,
    "TwoFactorEnabled" boolean NOT NULL,
    "LockoutEnd" timestamp with time zone,
    "LockoutEnabled" boolean NOT NULL,
    "AccessFailedCount" integer NOT NULL
);


ALTER TABLE public."user" OWNER TO postgres;

--
-- TOC entry 4986 (class 0 OID 34419)
-- Dependencies: 225
-- Data for Name: RoleClaims; Type: TABLE DATA; Schema: public; Owner: postgres
--

COPY public."RoleClaims" ("Id", "RoleId", "ClaimType", "ClaimValue") FROM stdin;
\.


--
-- TOC entry 4980 (class 0 OID 34353)
-- Dependencies: 219
-- Data for Name: Roles; Type: TABLE DATA; Schema: public; Owner: postgres
--

COPY public."Roles" ("Id", "Name", "NormalizedName", "ConcurrencyStamp") FROM stdin;
3a41d215-1e52-440a-ac7d-fef7b4d64fbc	Admin	ADMIN	4f349164-dbfd-460f-a522-2e4593b86a20
168d13ee-32b8-4689-813f-79d527034712	Customer	CUSTOMER	e8a98df8-7d8d-499f-a332-b62d269c2061
\.


--
-- TOC entry 4988 (class 0 OID 34432)
-- Dependencies: 227
-- Data for Name: UserClaims; Type: TABLE DATA; Schema: public; Owner: postgres
--

COPY public."UserClaims" ("Id", "UserId", "ClaimType", "ClaimValue") FROM stdin;
\.


--
-- TOC entry 4989 (class 0 OID 34444)
-- Dependencies: 228
-- Data for Name: UserLogins; Type: TABLE DATA; Schema: public; Owner: postgres
--

COPY public."UserLogins" ("LoginProvider", "ProviderKey", "ProviderDisplayName", "UserId") FROM stdin;
Google	105847268326525868540	Google	810f3dd2-38f0-4dd2-9be7-c947388cd01c
\.


--
-- TOC entry 4990 (class 0 OID 34456)
-- Dependencies: 229
-- Data for Name: UserRoles; Type: TABLE DATA; Schema: public; Owner: postgres
--

COPY public."UserRoles" ("UserId", "RoleId") FROM stdin;
6ee3ba9b-959b-439a-b3f9-8f40c00158a8	168d13ee-32b8-4689-813f-79d527034712
2f87bad0-24f3-4a04-8f91-f19617f8a2b8	3a41d215-1e52-440a-ac7d-fef7b4d64fbc
0eb65e89-6d34-4fc2-ad21-f9ddeec697b1	168d13ee-32b8-4689-813f-79d527034712
26f395ca-6e89-49eb-959a-3cd489046640	168d13ee-32b8-4689-813f-79d527034712
2d398fea-fc42-47b1-af8e-559b8cb4782f	3a41d215-1e52-440a-ac7d-fef7b4d64fbc
810f3dd2-38f0-4dd2-9be7-c947388cd01c	168d13ee-32b8-4689-813f-79d527034712
\.


--
-- TOC entry 4991 (class 0 OID 34473)
-- Dependencies: 230
-- Data for Name: UserTokens; Type: TABLE DATA; Schema: public; Owner: postgres
--

COPY public."UserTokens" ("UserId", "LoginProvider", "Name", "Value") FROM stdin;
\.


--
-- TOC entry 4976 (class 0 OID 34319)
-- Dependencies: 215
-- Data for Name: __EFMigrationsHistory; Type: TABLE DATA; Schema: public; Owner: postgres
--

COPY public."__EFMigrationsHistory" ("MigrationId", "ProductVersion") FROM stdin;
20231220040314_Initial	7.0.11
\.


--
-- TOC entry 4977 (class 0 OID 34324)
-- Dependencies: 216
-- Data for Name: category; Type: TABLE DATA; Schema: public; Owner: postgres
--

COPY public.category (id, category_name, delete_flag, created_date, created_by, modified_date, modified_by) FROM stdin;
\.


--
-- TOC entry 4978 (class 0 OID 34333)
-- Dependencies: 217
-- Data for Name: cinema; Type: TABLE DATA; Schema: public; Owner: postgres
--

COPY public.cinema (id, cinema_name, cinema_location, delete_flag, created_date, created_by, modified_date, modified_by) FROM stdin;
\.


--
-- TOC entry 4979 (class 0 OID 34342)
-- Dependencies: 218
-- Data for Name: movie; Type: TABLE DATA; Schema: public; Owner: postgres
--

COPY public.movie (id, movie_name, poster, duration, release_date, director, actor, description, delete_flag, created_date, created_by, modified_date, modified_by) FROM stdin;
\.


--
-- TOC entry 4983 (class 0 OID 34380)
-- Dependencies: 222
-- Data for Name: movie_category; Type: TABLE DATA; Schema: public; Owner: postgres
--

COPY public.movie_category (id, movie_id, category_id, delete_flag, created_date, created_by, modified_date, modified_by) FROM stdin;
\.


--
-- TOC entry 4993 (class 0 OID 34504)
-- Dependencies: 232
-- Data for Name: payment; Type: TABLE DATA; Schema: public; Owner: postgres
--

COPY public.payment (id, reservation_id, total_price, payment_method, delete_flag, created_date, created_by, modified_date, modified_by) FROM stdin;
\.


--
-- TOC entry 4992 (class 0 OID 34485)
-- Dependencies: 231
-- Data for Name: reservation; Type: TABLE DATA; Schema: public; Owner: postgres
--

COPY public.reservation (id, showtime_id, user_id, delete_flag, created_date, created_by, modified_date, modified_by) FROM stdin;
\.


--
-- TOC entry 4994 (class 0 OID 34518)
-- Dependencies: 233
-- Data for Name: reservation_item; Type: TABLE DATA; Schema: public; Owner: postgres
--

COPY public.reservation_item (id, reservation_id, seat_id, delete_flag, created_date, created_by, modified_date, modified_by) FROM stdin;
\.


--
-- TOC entry 4981 (class 0 OID 34360)
-- Dependencies: 220
-- Data for Name: seat; Type: TABLE DATA; Schema: public; Owner: postgres
--

COPY public.seat (id, row_num, seat_num, delete_flag, created_date, created_by, modified_date, modified_by) FROM stdin;
\.


--
-- TOC entry 4984 (class 0 OID 34399)
-- Dependencies: 223
-- Data for Name: showtime; Type: TABLE DATA; Schema: public; Owner: postgres
--

COPY public.showtime (id, movie_id, cinema_id, start_time, ticket_price, delete_flag, created_date, created_by, modified_date, modified_by) FROM stdin;
\.


--
-- TOC entry 4982 (class 0 OID 34369)
-- Dependencies: 221
-- Data for Name: user; Type: TABLE DATA; Schema: public; Owner: postgres
--

COPY public."user" (id, fullname, password, role, avatar, delete_flag, created_date, created_by, modified_date, modified_by, "UserName", "NormalizedUserName", email, "NormalizedEmail", "EmailConfirmed", "PasswordHash", "SecurityStamp", "ConcurrencyStamp", "PhoneNumber", "PhoneNumberConfirmed", "TwoFactorEnabled", "LockoutEnd", "LockoutEnabled", "AccessFailedCount") FROM stdin;
26f395ca-6e89-49eb-959a-3cd489046640	anhtu.customer@gmail.com	123123	Customer	\N	f	2023-12-21 21:35:35.997106	\N	2023-12-21 21:35:35.997106	\N	anhtu.customer@gmail.com	ANHTU.CUSTOMER@GMAIL.COM	anhtu.customer@gmail.com	ANHTU.CUSTOMER@GMAIL.COM	f	AQAAAAEAACcQAAAAEO5xM4d1tQQYQNYj8UrZE57RIsvvdgdAdiVBUTzwpvSzkZM6w5HlLkKtxub4Sbu0Lg==	MX6BOZQXBOAK2ZJAS7JII4SZ6MJNEGPY	f870a969-a45c-479e-ba8c-385d88946d50	\N	f	f	\N	t	0
2d398fea-fc42-47b1-af8e-559b8cb4782f	anhtu.admin@gmail.com	000000	Admin	\N	f	2023-12-21 21:54:24.628907	\N	2023-12-21 21:54:24.628907	\N	anhtu.admin@gmail.com	ANHTU.ADMIN@GMAIL.COM	anhtu.admin@gmail.com	ANHTU.ADMIN@GMAIL.COM	f	AQAAAAEAACcQAAAAEFRNnxiLnP2zE3WObVA+JpscZ6rmew9wGD2IfQkuE8klrgStzVzJK3qnbC/ilPGSVQ==	WP2Z3RJ32LE5GVZQISDEF4YQWKCUNBQH	7a555a91-2972-4d80-b329-1a86be3462c6	\N	f	f	\N	t	0
2f87bad0-24f3-4a04-8f91-f19617f8a2b8	admin@gmail.com	111111	Admin	\N	f	2023-12-21 21:27:23.962469	\N	2023-12-21 21:27:23.962469	\N	admin@gmail.com	ADMIN@GMAIL.COM	admin@gmail.com	ADMIN@GMAIL.COM	f	AQAAAAEAACcQAAAAEAN2u7XIQ7OIR7XqkbawQvsHiXQhMco4atxoiOhyEDzyXrCtN00Rq1qY9zWYzAHcFQ==	IRNK2SEKFQBEPQIQX5H2XZEZFLLI6UEA	caaa812d-d1ba-4ba3-968d-3c504092a8bb	\N	f	f	\N	t	0
6ee3ba9b-959b-439a-b3f9-8f40c00158a8	anhthe123@gmail.com	111111	Admin	\N	t	2023-12-21 21:26:30.43628	\N	2023-12-21 21:26:30.43628	\N	anhthe123@gmail.com	ANHTHE123@GMAIL.COM	anhthe123@gmail.com	ANHTHE123@GMAIL.COM	f	AQAAAAEAACcQAAAAEKQjnCiKdw/bUBPK9lIhSCsOGDuaCmi3WzMxpsojihJdYMZ/Q8qKPgVa2AOEw7dWNQ==	5D7K54R6Y4J24VGFDR2LLYD6VB4FSUFG	ab427a5f-364b-4d50-8f93-2662351e2819	\N	f	f	\N	t	0
0eb65e89-6d34-4fc2-ad21-f9ddeec697b1	customer@gmail.com	123456	Customer	\N	f	2023-12-21 21:28:01.455202	\N	2023-12-21 21:28:01.455202	\N	customer@gmail.com	CUSTOMER@GMAIL.COM	customer@gmail.com	CUSTOMER@GMAIL.COM	f	AQAAAAEAACcQAAAAEJS2OO289cFPh3kGGz46YWmWVVfHup3RLURUQ3s6ZJgQ0teaWR5Ql/957za0VirEGw==	VDONNRF7273H2BF6VGRZTUFC2S5QI3J6	852145f3-8f83-4a49-a7b7-ed7f79d4b071	\N	f	f	\N	t	0
810f3dd2-38f0-4dd2-9be7-c947388cd01c	anhtheit2002@gmail.com	anhtheit2002@gmail.com	Customer	\N	f	2023-12-22 17:37:42.656217	\N	2023-12-22 17:37:42.656217	\N	anhtheit2002@gmail.com	ANHTHEIT2002@GMAIL.COM	anhtheit2002@gmail.com	ANHTHEIT2002@GMAIL.COM	f	\N	FMFXMS3OKMU4XTYBQEAYMGTOFWLZTDZ4	e87337db-1aaf-469a-a67d-d0d5e2b6525e	\N	f	f	\N	t	0
\.


--
-- TOC entry 5001 (class 0 OID 0)
-- Dependencies: 224
-- Name: RoleClaims_Id_seq; Type: SEQUENCE SET; Schema: public; Owner: postgres
--

SELECT pg_catalog.setval('public."RoleClaims_Id_seq"', 1, false);


--
-- TOC entry 5002 (class 0 OID 0)
-- Dependencies: 226
-- Name: UserClaims_Id_seq; Type: SEQUENCE SET; Schema: public; Owner: postgres
--

SELECT pg_catalog.setval('public."UserClaims_Id_seq"', 1, false);


--
-- TOC entry 4800 (class 2606 OID 34425)
-- Name: RoleClaims PK_RoleClaims; Type: CONSTRAINT; Schema: public; Owner: postgres
--

ALTER TABLE ONLY public."RoleClaims"
    ADD CONSTRAINT "PK_RoleClaims" PRIMARY KEY ("Id");


--
-- TOC entry 4786 (class 2606 OID 34359)
-- Name: Roles PK_Roles; Type: CONSTRAINT; Schema: public; Owner: postgres
--

ALTER TABLE ONLY public."Roles"
    ADD CONSTRAINT "PK_Roles" PRIMARY KEY ("Id");


--
-- TOC entry 4803 (class 2606 OID 34438)
-- Name: UserClaims PK_UserClaims; Type: CONSTRAINT; Schema: public; Owner: postgres
--

ALTER TABLE ONLY public."UserClaims"
    ADD CONSTRAINT "PK_UserClaims" PRIMARY KEY ("Id");


--
-- TOC entry 4806 (class 2606 OID 34450)
-- Name: UserLogins PK_UserLogins; Type: CONSTRAINT; Schema: public; Owner: postgres
--

ALTER TABLE ONLY public."UserLogins"
    ADD CONSTRAINT "PK_UserLogins" PRIMARY KEY ("LoginProvider", "ProviderKey");


--
-- TOC entry 4809 (class 2606 OID 34462)
-- Name: UserRoles PK_UserRoles; Type: CONSTRAINT; Schema: public; Owner: postgres
--

ALTER TABLE ONLY public."UserRoles"
    ADD CONSTRAINT "PK_UserRoles" PRIMARY KEY ("UserId", "RoleId");


--
-- TOC entry 4811 (class 2606 OID 34479)
-- Name: UserTokens PK_UserTokens; Type: CONSTRAINT; Schema: public; Owner: postgres
--

ALTER TABLE ONLY public."UserTokens"
    ADD CONSTRAINT "PK_UserTokens" PRIMARY KEY ("UserId", "LoginProvider", "Name");


--
-- TOC entry 4778 (class 2606 OID 34323)
-- Name: __EFMigrationsHistory PK___EFMigrationsHistory; Type: CONSTRAINT; Schema: public; Owner: postgres
--

ALTER TABLE ONLY public."__EFMigrationsHistory"
    ADD CONSTRAINT "PK___EFMigrationsHistory" PRIMARY KEY ("MigrationId");


--
-- TOC entry 4780 (class 2606 OID 34332)
-- Name: category category_pkey; Type: CONSTRAINT; Schema: public; Owner: postgres
--

ALTER TABLE ONLY public.category
    ADD CONSTRAINT category_pkey PRIMARY KEY (id);


--
-- TOC entry 4782 (class 2606 OID 34341)
-- Name: cinema cinema_pkey; Type: CONSTRAINT; Schema: public; Owner: postgres
--

ALTER TABLE ONLY public.cinema
    ADD CONSTRAINT cinema_pkey PRIMARY KEY (id);


--
-- TOC entry 4795 (class 2606 OID 34388)
-- Name: movie_category movie_category_pkey; Type: CONSTRAINT; Schema: public; Owner: postgres
--

ALTER TABLE ONLY public.movie_category
    ADD CONSTRAINT movie_category_pkey PRIMARY KEY (id);


--
-- TOC entry 4784 (class 2606 OID 34352)
-- Name: movie movie_pkey; Type: CONSTRAINT; Schema: public; Owner: postgres
--

ALTER TABLE ONLY public.movie
    ADD CONSTRAINT movie_pkey PRIMARY KEY (id);


--
-- TOC entry 4815 (class 2606 OID 34512)
-- Name: payment payment_pkey; Type: CONSTRAINT; Schema: public; Owner: postgres
--

ALTER TABLE ONLY public.payment
    ADD CONSTRAINT payment_pkey PRIMARY KEY (id);


--
-- TOC entry 4817 (class 2606 OID 34526)
-- Name: reservation_item reservation_item_pkey; Type: CONSTRAINT; Schema: public; Owner: postgres
--

ALTER TABLE ONLY public.reservation_item
    ADD CONSTRAINT reservation_item_pkey PRIMARY KEY (id);


--
-- TOC entry 4813 (class 2606 OID 34493)
-- Name: reservation reservation_pkey; Type: CONSTRAINT; Schema: public; Owner: postgres
--

ALTER TABLE ONLY public.reservation
    ADD CONSTRAINT reservation_pkey PRIMARY KEY (id);


--
-- TOC entry 4789 (class 2606 OID 34368)
-- Name: seat seat_pkey; Type: CONSTRAINT; Schema: public; Owner: postgres
--

ALTER TABLE ONLY public.seat
    ADD CONSTRAINT seat_pkey PRIMARY KEY (id);


--
-- TOC entry 4797 (class 2606 OID 34407)
-- Name: showtime showtime_pkey; Type: CONSTRAINT; Schema: public; Owner: postgres
--

ALTER TABLE ONLY public.showtime
    ADD CONSTRAINT showtime_pkey PRIMARY KEY (id);


--
-- TOC entry 4793 (class 2606 OID 34379)
-- Name: user user_pkey; Type: CONSTRAINT; Schema: public; Owner: postgres
--

ALTER TABLE ONLY public."user"
    ADD CONSTRAINT user_pkey PRIMARY KEY (id);


--
-- TOC entry 4790 (class 1259 OID 34539)
-- Name: EmailIndex; Type: INDEX; Schema: public; Owner: postgres
--

CREATE INDEX "EmailIndex" ON public."user" USING btree ("NormalizedEmail");


--
-- TOC entry 4798 (class 1259 OID 34537)
-- Name: IX_RoleClaims_RoleId; Type: INDEX; Schema: public; Owner: postgres
--

CREATE INDEX "IX_RoleClaims_RoleId" ON public."RoleClaims" USING btree ("RoleId");


--
-- TOC entry 4801 (class 1259 OID 34541)
-- Name: IX_UserClaims_UserId; Type: INDEX; Schema: public; Owner: postgres
--

CREATE INDEX "IX_UserClaims_UserId" ON public."UserClaims" USING btree ("UserId");


--
-- TOC entry 4804 (class 1259 OID 34542)
-- Name: IX_UserLogins_UserId; Type: INDEX; Schema: public; Owner: postgres
--

CREATE INDEX "IX_UserLogins_UserId" ON public."UserLogins" USING btree ("UserId");


--
-- TOC entry 4807 (class 1259 OID 34543)
-- Name: IX_UserRoles_RoleId; Type: INDEX; Schema: public; Owner: postgres
--

CREATE INDEX "IX_UserRoles_RoleId" ON public."UserRoles" USING btree ("RoleId");


--
-- TOC entry 4787 (class 1259 OID 34538)
-- Name: RoleNameIndex; Type: INDEX; Schema: public; Owner: postgres
--

CREATE UNIQUE INDEX "RoleNameIndex" ON public."Roles" USING btree ("NormalizedName");


--
-- TOC entry 4791 (class 1259 OID 34540)
-- Name: UserNameIndex; Type: INDEX; Schema: public; Owner: postgres
--

CREATE UNIQUE INDEX "UserNameIndex" ON public."user" USING btree ("NormalizedUserName");


--
-- TOC entry 4822 (class 2606 OID 34426)
-- Name: RoleClaims FK_RoleClaims_Roles_RoleId; Type: FK CONSTRAINT; Schema: public; Owner: postgres
--

ALTER TABLE ONLY public."RoleClaims"
    ADD CONSTRAINT "FK_RoleClaims_Roles_RoleId" FOREIGN KEY ("RoleId") REFERENCES public."Roles"("Id") ON DELETE CASCADE;


--
-- TOC entry 4823 (class 2606 OID 34439)
-- Name: UserClaims FK_UserClaims_user_UserId; Type: FK CONSTRAINT; Schema: public; Owner: postgres
--

ALTER TABLE ONLY public."UserClaims"
    ADD CONSTRAINT "FK_UserClaims_user_UserId" FOREIGN KEY ("UserId") REFERENCES public."user"(id) ON DELETE CASCADE;


--
-- TOC entry 4824 (class 2606 OID 34451)
-- Name: UserLogins FK_UserLogins_user_UserId; Type: FK CONSTRAINT; Schema: public; Owner: postgres
--

ALTER TABLE ONLY public."UserLogins"
    ADD CONSTRAINT "FK_UserLogins_user_UserId" FOREIGN KEY ("UserId") REFERENCES public."user"(id) ON DELETE CASCADE;


--
-- TOC entry 4825 (class 2606 OID 34463)
-- Name: UserRoles FK_UserRoles_Roles_RoleId; Type: FK CONSTRAINT; Schema: public; Owner: postgres
--

ALTER TABLE ONLY public."UserRoles"
    ADD CONSTRAINT "FK_UserRoles_Roles_RoleId" FOREIGN KEY ("RoleId") REFERENCES public."Roles"("Id") ON DELETE CASCADE;


--
-- TOC entry 4826 (class 2606 OID 34468)
-- Name: UserRoles FK_UserRoles_user_UserId; Type: FK CONSTRAINT; Schema: public; Owner: postgres
--

ALTER TABLE ONLY public."UserRoles"
    ADD CONSTRAINT "FK_UserRoles_user_UserId" FOREIGN KEY ("UserId") REFERENCES public."user"(id) ON DELETE CASCADE;


--
-- TOC entry 4827 (class 2606 OID 34480)
-- Name: UserTokens FK_UserTokens_user_UserId; Type: FK CONSTRAINT; Schema: public; Owner: postgres
--

ALTER TABLE ONLY public."UserTokens"
    ADD CONSTRAINT "FK_UserTokens_user_UserId" FOREIGN KEY ("UserId") REFERENCES public."user"(id) ON DELETE CASCADE;


--
-- TOC entry 4818 (class 2606 OID 34389)
-- Name: movie_category fk_movie_category_category_id; Type: FK CONSTRAINT; Schema: public; Owner: postgres
--

ALTER TABLE ONLY public.movie_category
    ADD CONSTRAINT fk_movie_category_category_id FOREIGN KEY (id) REFERENCES public.category(id);


--
-- TOC entry 4819 (class 2606 OID 34394)
-- Name: movie_category fk_movie_category_movie_id; Type: FK CONSTRAINT; Schema: public; Owner: postgres
--

ALTER TABLE ONLY public.movie_category
    ADD CONSTRAINT fk_movie_category_movie_id FOREIGN KEY (id) REFERENCES public.movie(id);


--
-- TOC entry 4830 (class 2606 OID 34513)
-- Name: payment fk_payment_reservation_id; Type: FK CONSTRAINT; Schema: public; Owner: postgres
--

ALTER TABLE ONLY public.payment
    ADD CONSTRAINT fk_payment_reservation_id FOREIGN KEY (id) REFERENCES public.reservation(id);


--
-- TOC entry 4831 (class 2606 OID 34527)
-- Name: reservation_item fk_reservation_item_reservation_id; Type: FK CONSTRAINT; Schema: public; Owner: postgres
--

ALTER TABLE ONLY public.reservation_item
    ADD CONSTRAINT fk_reservation_item_reservation_id FOREIGN KEY (id) REFERENCES public.reservation(id);


--
-- TOC entry 4832 (class 2606 OID 34532)
-- Name: reservation_item fk_reservation_item_seat_id; Type: FK CONSTRAINT; Schema: public; Owner: postgres
--

ALTER TABLE ONLY public.reservation_item
    ADD CONSTRAINT fk_reservation_item_seat_id FOREIGN KEY (id) REFERENCES public.seat(id);


--
-- TOC entry 4828 (class 2606 OID 34494)
-- Name: reservation fk_reservation_showtime_id; Type: FK CONSTRAINT; Schema: public; Owner: postgres
--

ALTER TABLE ONLY public.reservation
    ADD CONSTRAINT fk_reservation_showtime_id FOREIGN KEY (id) REFERENCES public.showtime(id);


--
-- TOC entry 4829 (class 2606 OID 34499)
-- Name: reservation fk_reservation_user_id; Type: FK CONSTRAINT; Schema: public; Owner: postgres
--

ALTER TABLE ONLY public.reservation
    ADD CONSTRAINT fk_reservation_user_id FOREIGN KEY (id) REFERENCES public."user"(id);


--
-- TOC entry 4820 (class 2606 OID 34408)
-- Name: showtime fk_showtime_cinema_id; Type: FK CONSTRAINT; Schema: public; Owner: postgres
--

ALTER TABLE ONLY public.showtime
    ADD CONSTRAINT fk_showtime_cinema_id FOREIGN KEY (id) REFERENCES public.cinema(id);


--
-- TOC entry 4821 (class 2606 OID 34413)
-- Name: showtime fk_showtime_movie_id; Type: FK CONSTRAINT; Schema: public; Owner: postgres
--

ALTER TABLE ONLY public.showtime
    ADD CONSTRAINT fk_showtime_movie_id FOREIGN KEY (id) REFERENCES public.movie(id);


-- Completed on 2023-12-22 17:42:30

--
-- PostgreSQL database dump complete
--

